<?xml version="1.0" encoding="UTF-8" standalone="no"?>
<Invoice
	xmlns="urn:oasis:names:specification:ubl:schema:xsd:Invoice-2"
	xmlns:cac="urn:oasis:names:specification:ubl:schema:xsd:CommonAggregateComponents-2"
	xmlns:cbc="urn:oasis:names:specification:ubl:schema:xsd:CommonBasicComponents-2"
	xmlns:ccts="urn:un:unece:uncefact:documentation:2"
	xmlns:ds="http://www.w3.org/2000/09/xmldsig#"
	xmlns:ext="urn:oasis:names:specification:ubl:schema:xsd:CommonExtensionComponents-2"
	xmlns:qdt="urn:oasis:names:specification:ubl:schema:xsd:QualifiedDatatypes-2"
	xmlns:sac="urn:sunat:names:specification:ubl:peru:schema:xsd:SunatAggregateComponents-1"
	xmlns:udt="urn:un:unece:uncefact:data:specification:UnqualifiedDataTypesSchemaModule:2"
	xmlns:xsi="http://www.w3.org/2001/XMLSchema-instance">
	<ext:UBLExtensions>
		<ext:UBLExtension>
			<ext:ExtensionContent>
				<sac:AdditionalInformation>
					<sac:AdditionalMonetaryTotal>
						<cbc:ID>1001</cbc:ID>
						<cbc:PayableAmount currencyID=""></cbc:PayableAmount>
					</sac:AdditionalMonetaryTotal>				
					<sac:AdditionalProperty>
						<cbc:ID></cbc:ID>
						<cbc:Value></cbc:Value>
					</sac:AdditionalProperty>
				</sac:AdditionalInformation>
			</ext:ExtensionContent>
		</ext:UBLExtension>
		<ext:UBLExtension>
			<ext:ExtensionContent>
				<ds:Signature>
					<ds:SignedInfo>
						<ds:CanonicalizationMethod Algorithm="http://www.w3.org/TR/2001/REC-xml-c14n-20010315"/>
						<ds:SignatureMethod Algorithm="http://www.w3.org/2000/09/xmldsig#rsa-sha1"/>
						<ds:Reference URI="">
							<ds:Transforms>
								<ds:Transform Algorithm="http://www.w3.org/2000/09/xmldsig#enveloped-signature"/>
							</ds:Transforms>
							<ds:DigestMethod Algorithm="http://www.w3.org/2000/09/xmldsig#sha1"/>
							<ds:DigestValue></ds:DigestValue>
						</ds:Reference>
					</ds:SignedInfo>
					<ds:SignatureValue></ds:SignatureValue>
					<ds:KeyInfo>
						<ds:X509Data>
							<ds:X509Certificate></ds:X509Certificate>
						</ds:X509Data>
					</ds:KeyInfo>
				</ds:Signature>
			</ext:ExtensionContent>
		</ext:UBLExtension>
	</ext:UBLExtensions>
	<cbc:UBLVersionID>2.1</cbc:UBLVersionID>
	<cbc:CustomizationID>1.0</cbc:CustomizationID>
	<cbc:ID></cbc:ID>
	<cbc:IssueDate></cbc:IssueDate>
	<cbc:IssueTime></cbc:IssueTime>	
	<cbc:InvoiceTypeCode>01</cbc:InvoiceTypeCode>
	<cbc:DocumentCurrencyCode></cbc:DocumentCurrencyCode>
	<cac:Signature>
		<cbc:ID></cbc:ID>
		<cac:SignatoryParty>
			<cac:PartyIdentification>
				<cbc:ID></cbc:ID>
			</cac:PartyIdentification>
			<cac:PartyName>
				<cbc:Name>
				</cbc:Name>
			</cac:PartyName>
		</cac:SignatoryParty>
		<cac:DigitalSignatureAttachment>
			<cac:ExternalReference>
				<cbc:URI></cbc:URI>
			</cac:ExternalReference>
		</cac:DigitalSignatureAttachment>
	</cac:Signature>
	<cac:AccountingSupplierParty>
		<cbc:CustomerAssignedAccountID></cbc:CustomerAssignedAccountID>
		<cbc:AdditionalAccountID></cbc:AdditionalAccountID>
		<cac:Party>
			<cac:PartyName>
				<cbc:Name>
				</cbc:Name>
			</cac:PartyName>
			<cac:PostalAddress>
				<cbc:ID></cbc:ID>
				<cbc:StreetName>
				</cbc:StreetName>
				<cbc:CitySubdivisionName>				
				</cbc:CitySubdivisionName>
				<cbc:CityName>
				</cbc:CityName>
				<cbc:CountrySubentity>
				</cbc:CountrySubentity>
				<cbc:District>
				</cbc:District>
				<cac:Country>
					<cbc:IdentificationCode>
					</cbc:IdentificationCode>
				</cac:Country>
			</cac:PostalAddress>
			<cac:PartyLegalEntity>
				<cbc:RegistrationName>
				</cbc:RegistrationName>
			</cac:PartyLegalEntity>
		</cac:Party>
	</cac:AccountingSupplierParty>
	<cac:AccountingCustomerParty>
		<cbc:CustomerAssignedAccountID></cbc:CustomerAssignedAccountID>
		<cbc:AdditionalAccountID>6</cbc:AdditionalAccountID>
		<cac:Party>
			<cac:PhysicalLocation>
				<cbc:Description>					
				</cbc:Description>
			</cac:PhysicalLocation>
			<cac:PartyLegalEntity>
				<cbc:RegistrationName>
				</cbc:RegistrationName>
			</cac:PartyLegalEntity>
		</cac:Party>
	</cac:AccountingCustomerParty>
	<cac:TaxTotal>
		<cbc:TaxAmount currencyID=""></cbc:TaxAmount>
		<cac:TaxSubtotal>
			<cbc:TaxAmount currencyID=""></cbc:TaxAmount>
			<cac:TaxCategory>
				<cac:TaxScheme>
					<cbc:ID></cbc:ID>
					<cbc:Name></cbc:Name>
					<cbc:TaxTypeCode></cbc:TaxTypeCode>
				</cac:TaxScheme>
			</cac:TaxCategory>
		</cac:TaxSubtotal>
	</cac:TaxTotal>
	<cac:LegalMonetaryTotal>
		<cbc:PayableAmount currencyID=""></cbc:PayableAmount>
	</cac:LegalMonetaryTotal>
</Invoice>