<Invoice xmlns="urn:oasis:names:specification:ubl:schema:xsd:Invoice-2" xmlns:cac="urn:oasis:names:specification:ubl:schema:xsd:CommonAggregateComponents-2" xmlns:cbc="urn:oasis:names:specification:ubl:schema:xsd:CommonBasicComponents-2" xmlns:ccts="urn:un:unece:uncefact:documentation:2" xmlns:ds="http://www.w3.org/2000/09/xmldsig#" xmlns:ext="urn:oasis:names:specification:ubl:schema:xsd:CommonExtensionComponents-2" xmlns:qdt="urn:oasis:names:specification:ubl:schema:xsd:QualifiedDatatypes-2" xmlns:sac="urn:sunat:names:specification:ubl:peru:schema:xsd:SunatAggregateComponents-1" xmlns:udt="urn:un:unece:uncefact:data:specification:UnqualifiedDataTypesSchemaModule:2" xmlns:xsi="http://www.w3.org/2001/XMLSchema-instance">
	<ext:UBLExtensions>
		<ext:UBLExtension>
			<ext:ExtensionContent>
				<sac:AdditionalInformation>
					<sac:AdditionalMonetaryTotal>
						<cbc:ID>1001</cbc:ID>
						<cbc:PayableAmount currencyID="PEN">100.0</cbc:PayableAmount>
					</sac:AdditionalMonetaryTotal>				
					<sac:AdditionalProperty>
						<cbc:ID/>
						<cbc:Value>MIL CIENTO VEINTI DOS Y 0/100 SOLES</cbc:Value>
					</sac:AdditionalProperty>
				</sac:AdditionalInformation>
			</ext:ExtensionContent>
		</ext:UBLExtension>
		<ext:UBLExtension>
			<ext:ExtensionContent>
				<ds:Signature>
					<ds:SignedInfo>
						<ds:CanonicalizationMethod Algorithm="http://www.w3.org/TR/2001/REC-xml-c14n-20010315"/>
						<ds:SignatureMethod Algorithm="http://www.w3.org/2000/09/xmldsig#rsa-sha1"/>
						<ds:Reference URI="">
							<ds:Transforms>
								<ds:Transform Algorithm="http://www.w3.org/2000/09/xmldsig#enveloped-signature"/>
							</ds:Transforms>
							<ds:DigestMethod Algorithm="http://www.w3.org/2000/09/xmldsig#sha1"/>
							<ds:DigestValue/>
						</ds:Reference>
					</ds:SignedInfo>
					<ds:SignatureValue/>
					<ds:KeyInfo>
						<ds:X509Data>
							<ds:X509Certificate/>
						</ds:X509Data>
					</ds:KeyInfo>
				</ds:Signature>
			</ext:ExtensionContent>
		</ext:UBLExtension>
	</ext:UBLExtensions>
	<cbc:UBLVersionID>2.0</cbc:UBLVersionID>
	<cbc:CustomizationID>1.0</cbc:CustomizationID>
	<cbc:ID>F071-71</cbc:ID>
	<cbc:IssueDate>2018-12-17</cbc:IssueDate>
	<cbc:IssueTime>09:56:21</cbc:IssueTime>
	<cbc:InvoiceTypeCode>01</cbc:InvoiceTypeCode>
	<cbc:DocumentCurrencyCode>PEN</cbc:DocumentCurrencyCode>
	<cac:Signature>
		<cbc:ID>SF071-71</cbc:ID>
		<cac:SignatoryParty>
			<cac:PartyIdentification>
				<cbc:ID>20603408111</cbc:ID>
			</cac:PartyIdentification>
			<cac:PartyName>
				<cbc:Name><![CDATA[NEKADE SOCIACION ANONIMA CERRADA]]></cbc:Name>
			</cac:PartyName>
		</cac:SignatoryParty>
		<cac:DigitalSignatureAttachment>
			<cac:ExternalReference>
				<cbc:URI>#SF071-71</cbc:URI>
			</cac:ExternalReference>
		</cac:DigitalSignatureAttachment>
	</cac:Signature>
	<cac:AccountingSupplierParty>
		<cbc:CustomerAssignedAccountID>20603408111</cbc:CustomerAssignedAccountID>
		<cbc:AdditionalAccountID>6</cbc:AdditionalAccountID>
		<cac:Party>
			<cac:PartyName>
				<cbc:Name><![CDATA[NEKADE SOCIACION ANONIMA CERRADA]]></cbc:Name>
			</cac:PartyName>
			<cac:PostalAddress>
				<cbc:ID>15054</cbc:ID>
				<cbc:StreetName><![CDATA[CAL.BENJAMIN FRANKLIN MZA. M LOTE. 13A URB. SANTA LEONOR LIMA - LIMA - CHORRILLOS]]></cbc:StreetName>
				<cbc:CitySubdivisionName><![CDATA[]]></cbc:CitySubdivisionName>
				<cbc:CityName><![CDATA[CHORRILLOS]]></cbc:CityName>
				<cbc:CountrySubentity><![CDATA[Lima]]></cbc:CountrySubentity>
				<cbc:District><![CDATA[CHORRILLOS]]></cbc:District>
				<cac:Country>
					<cbc:IdentificationCode><![CDATA[PE]]></cbc:IdentificationCode>
				</cac:Country>
			</cac:PostalAddress>
			<cac:PartyLegalEntity>
				<cbc:RegistrationName><![CDATA[NEKADE SOCIACION ANONIMA CERRADA]]></cbc:RegistrationName>
			</cac:PartyLegalEntity>
		</cac:Party>
	</cac:AccountingSupplierParty>
	<cac:AccountingCustomerParty>
		<cbc:CustomerAssignedAccountID>20509630128</cbc:CustomerAssignedAccountID>
		<cbc:AdditionalAccountID>6</cbc:AdditionalAccountID>
		<cac:Party>
			<cac:PhysicalLocation>
				<cbc:Description><![CDATA[AV. 2 DE MAYO NRO. 798 URB. ORRANTIA (ALT CDRA 5 AV JAVIER PRADO OESTE) LIMA - LIMA - SAN ISIDRO]]></cbc:Description>
			</cac:PhysicalLocation>
			<cac:PartyLegalEntity>
				<cbc:RegistrationName><![CDATA[INVERSIONES MERLOT S.A.C.]]></cbc:RegistrationName>
			</cac:PartyLegalEntity>
		</cac:Party>
	</cac:AccountingCustomerParty>
	<cac:TaxTotal>
		<cbc:TaxAmount currencyID="PEN">18.0</cbc:TaxAmount>
		<cac:TaxSubtotal>
			<cbc:TaxAmount currencyID="PEN">18.0</cbc:TaxAmount>
			<cac:TaxCategory>
				<cac:TaxScheme>
					<cbc:ID>1000</cbc:ID>
					<cbc:Name>IGV</cbc:Name>
					<cbc:TaxTypeCode>VAT</cbc:TaxTypeCode>
				</cac:TaxScheme>
			</cac:TaxCategory>
		</cac:TaxSubtotal>
	</cac:TaxTotal>
	<cac:LegalMonetaryTotal>
		<cbc:PayableAmount currencyID="PEN">1122.0</cbc:PayableAmount>
	</cac:LegalMonetaryTotal>
<cac:InvoiceLine><cbc:ID>1</cbc:ID><cbc:InvoicedQuantity unitCode="ZZ">1.0</cbc:InvoicedQuantity><cbc:LineExtensionAmount currencyID="PEN">100.0</cbc:LineExtensionAmount><cac:PricingReference><cac:AlternativeConditionPrice><cbc:PriceAmount currencyID="PEN">118.0</cbc:PriceAmount><cbc:PriceTypeCode>01</cbc:PriceTypeCode></cac:AlternativeConditionPrice></cac:PricingReference><cac:TaxTotal><cbc:TaxAmount currencyID="PEN">18.0</cbc:TaxAmount><cac:TaxSubtotal><cbc:TaxAmount currencyID="PEN">18.0</cbc:TaxAmount><cac:TaxCategory><cbc:TaxExemptionReasonCode>10</cbc:TaxExemptionReasonCode><cac:TaxScheme><cbc:ID>1000</cbc:ID><cbc:Name>IGV</cbc:Name><cbc:TaxTypeCode>VAT</cbc:TaxTypeCode></cac:TaxScheme></cac:TaxCategory></cac:TaxSubtotal></cac:TaxTotal><cac:Item><cbc:Description><![CDATA[SERVICIO DE ADMINISTRACION WIFI SOCIAL]]></cbc:Description><cac:SellersItemIdentification><cbc:ID>101</cbc:ID></cac:SellersItemIdentification></cac:Item><cac:Price><cbc:PriceAmount currencyID="PEN">100.0</cbc:PriceAmount></cac:Price></cac:InvoiceLine></Invoice>